name,hexadecimal,rgb_red,rgb_green,rgb_blue,hsv_hue,hsv_satur,hsv_value
Absolute Zero,#0048BA,0,72,186,217,100,73
Acid green,#B0BF1A,176,191,26,65,86,75
Aero,#7CB9E8,124,185,232,206,47,91
Aero blue,#C9FFE5,201,255,229,151,21,100
African violet,#B284BE,178,132,190,288,31,75
Air Force blue (RAF),#5D8AA8,93,138,168,204,45,66
Air Force blue (USAF),#00308F,0,48,143,220,100,56
Air superiority blue,#72A0C1,114,160,193,205,41,76
Alabama crimson,#AF002A,175,0,42,346,100,69
Alice blue,#F0F8FF,240,248,255,208,6,100
Alien Armpit,#84DE02,132,222,2,85,99,87
Alizarin crimson,#E32636,227,38,54,355,83,89
Alloy orange,#C46210,196,98,16,27,92,77
Almond,#EFDECD,239,222,205,30,14,94
Amaranth,#E52B50,229,43,80,348,81,90
Amaranth deep purple,#AB274F,171,39,79,342,77,67
Amaranth pink,#F19CBB,241,156,187,338,35,95
Amaranth purple,#AB274F,171,39,79,342,77,67
Amaranth red,#D3212D,211,33,45,356,84,83
Amazon,#3B7A57,59,122,87,147,52,48
Amber,#FFBF00,255,191,0,45,100,100
Amber (SAE/ECE),#FF7E00,255,126,0,30,100,100
American rose,#FF033E,255,3,62,346,99,100
Amethyst,#9966CC,153,102,204,270,50,80
Android green,#A4C639,164,198,57,74,71,78
Anti-flash white,#F2F3F4,242,243,244,210,1,96
Antique brass,#CD9575,205,149,117,22,43,80
Antique bronze,#665D1E,102,93,30,53,71,40
Antique fuchsia,#915C83,145,92,131,316,37,57
Antique ruby,#841B2D,132,27,45,350,80,52
Antique white,#FAEBD7,250,235,215,34,14,98
Ao (English),#008000,0,128,0,120,100,50
Apple green,#8DB600,141,182,0,74,100,71
Apricot,#FBCEB1,251,206,177,24,29,98
Aqua,#00FFFF,0,255,255,180,100,100
Aquamarine,#7FFFD4,127,255,212,160,50,100
Arctic lime,#D0FF14,208,255,20,72,92,100
Army green,#4B5320,75,83,32,69,61,33
Arsenic,#3B444B,59,68,75,206,21,29
Artichoke,#8F9779,143,151,121,76,20,59
Arylide yellow,#E9D66B,233,214,107,51,54,91
Ash grey,#B2BEB5,178,190,181,135,6,75
Asparagus,#87A96B,135,169,107,93,37,66
Atomic tangerine,#FF9966,255,153,102,20,60,100
Auburn,#A52A2A,165,42,42,0,75,65
Aureolin,#FDEE00,253,238,0,56,100,99
AuroMetalSaurus,#6E7F80,110,127,128,183,14,50
Avocado,#568203,86,130,3,81,98,51
Aztec Gold,#C39953,195,153,83,38,57,77
Azure,#007FFF,0,127,255,210,100,100
Azure (web color),#F0FFFF,240,255,255,180,6,100
Azure mist,#F0FFFF,240,255,255,180,6,100
Azureish white,#DBE9F4,219,233,244,206,10,96
Baby blue,#89CFF0,137,207,240,199,43,94
Baby blue eyes,#A1CAF1,161,202,241,209,33,95
Baby pink,#F4C2C2,244,194,194,0,20,96
Baby powder,#FEFEFA,254,254,250,60,2,100
Baker-Miller pink,#FF91AF,255,145,175,344,43,100
Ball blue,#21ABCD,33,171,205,192,84,80
Banana Mania,#FAE7B5,250,231,181,43,28,98
Banana yellow,#FFE135,255,225,53,51,79,100
Bangladesh green,#006A4E,0,106,78,164,100,42
Barbie pink,#E0218A,224,33,138,327,85,88
Barn red,#7C0A02,124,10,2,4,98,49
Battleship grey,#848482,132,132,130,60,2,52
Bazaar,#98777B,152,119,123,353,22,60
Beau blue,#BCD4E6,188,212,230,206,18,90
Beaver,#9F8170,159,129,112,22,30,62
Beige,#F5F5DC,245,245,220,60,10,96
B'dazzled blue,#2E5894,46,88,148,215,69,58
Big dip o’ruby,#9C2542,156,37,66,345,76,61
Big Foot Feet,#E88E5A,232,142,90,22,61,91
Bisque,#FFE4C4,255,228,196,33,23,100
Bistre,#3D2B1F,61,43,31,24,49,24
Bistre brown,#967117,150,113,23,43,85,59
Bitter lemon,#CAE00D,202,224,13,66,94,88
Bitter lime,#BFFF00,191,255,0,75,100,100
Bittersweet,#FE6F5E,254,111,94,6,63,100
Bittersweet shimmer,#BF4F51,191,79,81,359,59,75
Black,#000000,0,0,0,0,0,0
Black bean,#3D0C02,61,12,2,10,97,24
Black Coral,#54626F,84,98,111,209,24,44
Black leather jacket,#253529,37,53,41,135,30,21
Black olive,#3B3C36,59,60,54,70,10,24
Black Shadows,#BFAFB2,191,175,178,349,8,75
Blanched almond,#FFEBCD,255,235,205,36,20,100
Blast-off bronze,#A57164,165,113,100,12,39,65
Bleu de France,#318CE7,49,140,231,210,79,91
Blizzard Blue,#ACE5EE,172,229,238,188,28,93
Blond,#FAF0BE,250,240,190,50,24,98
Blue,#0000FF,0,0,255,240,100,100
Blue (Crayola),#1F75FE,31,117,254,217,88,100
Blue (Munsell),#0093AF,0,147,175,190,100,69
Blue (NCS),#0087BD,0,135,189,197,100,74
Blue (Pantone),#0018A8,0,24,168,231,100,66
Blue (pigment),#333399,51,51,153,240,67,60
Blue (RYB),#0247FE,2,71,254,224,99,100
Blue Bell,#A2A2D0,162,162,208,240,22,82
Blue-gray,#6699CC,102,153,204,210,50,80
Blue-green,#0D98BA,13,152,186,192,93,73
Blue Jeans,#5DADEC,93,173,236,206,61,93
Blue Lagoon,#ACE5EE,172,229,238,188,28,93
Blue-magenta violet,#553592,85,53,146,261,64,57
Blue sapphire,#126180,18,97,128,197,86,50
Blue-violet,#8A2BE2,138,43,226,271,81,89
Blue yonder,#5072A7,80,114,167,217,52,65
Blueberry,#4F86F7,79,134,247,220,68,97
Bluebonnet,#1C1CF0,28,28,240,240,88,94
Blush,#DE5D83,222,93,131,342,58,87
Bole,#79443B,121,68,59,9,51,47
Bondi blue,#0095B6,0,149,182,191,100,71
Bone,#E3DAC9,227,218,201,39,11,89
Booger Buster,#DDE26A,221,226,106,63,53,89
Boston University Red,#CC0000,204,0,0,0,100,80
Bottle green,#006A4E,0,106,78,164,100,42
Boysenberry,#873260,135,50,96,328,63,53
Brandeis blue,#0070FF,0,112,255,214,100,100
Brass,#B5A642,181,166,66,52,64,71
Brick red,#CB4154,203,65,84,352,68,80
Bright cerulean,#1DACD6,29,172,214,194,86,84
Bright green,#66FF00,102,255,0,96,100,100
Bright lavender,#BF94E4,191,148,228,272,35,89
Bright lilac,#D891EF,216,145,239,285,39,94
Bright maroon,#C32148,195,33,72,346,83,76
Bright navy blue,#1974D2,25,116,210,210,88,82
Bright pink,#FF007F,255,0,127,330,100,100
Bright turquoise,#08E8DE,8,232,222,177,97,91
Bright ube,#D19FE8,209,159,232,281,31,91
Bright Yellow (Crayola),#FFAA1D,255,170,29,37,89,100
Brilliant azure,#3399FF,51,153,255,210,80,100
Brilliant lavender,#F4BBFF,244,187,255,290,27,100
Brilliant rose,#FF55A3,255,85,163,332,67,100
Brink pink,#FB607F,251,96,127,348,62,98
British racing green,#004225,0,66,37,154,100,26
Bronze,#CD7F32,205,127,50,30,76,80
Bronze Yellow,#737000,115,112,0,58,100,45
Brown (traditional),#964B00,150,75,0,30,100,59
Brown (web),#A52A2A,165,42,42,0,75,65
Brown-nose,#6B4423,107,68,35,28,67,42
Brown Sugar,#AF6E4D,175,110,77,20,56,69
Brown Yellow,#cc9966,204,153,102,30,50,80
Brunswick green,#1B4D3E,27,77,62,162,65,30
Bubble gum,#FFC1CC,255,193,204,349,24,100
Bubbles,#E7FEFF,231,254,255,183,9,100
Bud green,#7BB661,123,182,97,102,47,71
Buff,#F0DC82,240,220,130,49,46,94
Bulgarian rose,#480607,72,6,7,359,92,28
Burgundy,#800020,128,0,32,345,100,50
Burlywood,#DEB887,222,184,135,34,39,87
Burnished Brown,#A17A74,161,122,116,8,28,63
Burnt orange,#CC5500,204,85,0,25,100,80
Burnt sienna,#E97451,233,116,81,14,65,91
Burnt umber,#8A3324,138,51,36,9,74,54
Byzantine,#BD33A4,189,51,164,311,73,74
Byzantium,#702963,112,41,99,311,63,44
Cadet,#536872,83,104,114,199,27,45
Cadet blue,#5F9EA0,95,158,160,182,41,63
Cadet grey,#91A3B0,145,163,176,205,18,69
Cadmium green,#006B3C,0,107,60,154,100,42
Cadmium orange,#ED872D,237,135,45,28,81,93
Cadmium red,#E30022,227,0,34,351,100,89
Cadmium yellow,#FFF600,255,246,0,58,100,100
Café au lait,#A67B5B,166,123,91,26,45,65
Café noir,#4B3621,75,54,33,30,56,29
Cal Poly green,#1E4D2B,30,77,43,137,61,30
Cambridge Blue,#A3C1AD,163,193,173,140,16,76
Camel,#C19A6B,193,154,107,33,45,76
Cameo pink,#EFBBCC,239,187,204,340,22,94
Camouflage green,#78866B,120,134,107,91,20,53
Canary yellow,#FFEF00,255,239,0,56,100,100
Candy apple red,#FF0800,255,8,0,2,100,100
Candy pink,#E4717A,228,113,122,355,50,89
Capri,#00BFFF,0,191,255,195,100,100
Caput mortuum,#592720,89,39,32,7,64,35
Cardinal,#C41E3A,196,30,58,350,85,77
Caribbean green,#00CC99,0,204,153,165,100,80
Carmine,#960018,150,0,24,350,100,59
Carmine (M&P),#D70040,215,0,64,342,100,84
Carmine pink,#EB4C42,235,76,66,4,72,92
Carmine red,#FF0038,255,0,56,347,100,100
Carnation pink,#FFA6C9,255,166,201,336,35,100
Carnelian,#B31B1B,179,27,27,0,85,70
Carolina blue,#56A0D3,86,160,211,204,59,83
Carrot orange,#ED9121,237,145,33,33,86,93
Castleton green,#00563F,0,86,63,164,100,34
Catalina blue,#062A78,6,42,120,221,95,47
Catawba,#703642,112,54,66,348,52,44
Cedar Chest,#C95A49,201,90,73,8,64,79
Ceil,#92A1CF,146,161,207,225,29,81
Celadon,#ACE1AF,172,225,175,123,24,88
Celadon blue,#007BA7,0,123,167,196,100,65
Celadon green,#2F847C,47,132,124,174,64,52
Celeste,#B2FFFF,178,255,255,180,30,100
Celestial blue,#4997D0,73,151,208,205,65,82
Cerise,#DE3163,222,49,99,343,78,87
Cerise pink,#EC3B83,236,59,131,336,75,93
Cerulean,#007BA7,0,123,167,196,100,65
Cerulean blue,#2A52BE,42,82,190,224,78,75
Cerulean frost,#6D9BC3,109,155,195,208,44,76
CG Blue,#007AA5,0,122,165,196,100,65
CG Red,#E03C31,224,60,49,4,78,88
Chamoisee,#A0785A,160,120,90,26,44,63
Champagne,#F7E7CE,247,231,206,37,17,97
Charcoal,#36454F,54,69,79,204,32,31
Charleston green,#232B2B,35,43,43,180,19,17
Charm pink,#E68FAC,230,143,172,340,38,90
Chartreuse (traditional),#DFFF00,223,255,0,68,100,100
Chartreuse (web),#7FFF00,127,255,0,90,100,100
Cherry,#DE3163,222,49,99,343,78,87
Cherry blossom pink,#FFB7C5,255,183,197,348,28,100
Chestnut,#954535,149,69,53,10,64,58
China pink,#DE6FA1,222,111,161,333,50,87
China rose,#A8516E,168,81,110,340,52,66
Chinese red,#AA381E,170,56,30,11,82,67
Chinese violet,#856088,133,96,136,296,29,53
Chlorophyll green,#4AFF00,74,255,0,103,100,100
Chocolate (traditional),#7B3F00,123,63,0,31,100,48
Chocolate (web),#D2691E,210,105,30,25,86,82
Chrome yellow,#FFA700,255,167,0,39,100,100
Cinereous,#98817B,152,129,123,12,19,60
Cinnabar,#E34234,227,66,52,5,77,89
Cinnamon,#D2691E,210,105,30,25,86,82
Cinnamon Satin,#CD607E,205,96,126,343,53,80
Citrine,#E4D00A,228,208,10,54,96,89
Citron,#9FA91F,159,169,31,64,82,66
Claret,#7F1734,127,23,52,343,82,50
Classic rose,#FBCCE7,251,204,231,326,19,98
Cobalt Blue,#0047AB,0,71,171,215,100,67
Cocoa brown,#D2691E,210,105,30,25,86,82
Coconut,#965A3E,150,90,62,19,59,59
Coffee,#6F4E37,111,78,55,25,50,44
Columbia Blue,#C4D8E2,196,216,226,200,13,89
Congo pink,#F88379,248,131,121,5,51,97
Cool Black,#002E63,0,46,99,212,100,38
Cool grey,#8C92AC,140,146,172,229,19,67
Copper,#B87333,184,115,51,29,72,72
Copper (Crayola),#DA8A67,218,138,103,18,53,85
Copper penny,#AD6F69,173,111,105,5,39,68
Copper red,#CB6D51,203,109,81,14,60,80
Copper rose,#996666,153,102,102,0,33,60
Coquelicot,#FF3800,255,56,0,13,100,100
Coral,#FF7F50,255,127,80,16,69,100
Coral pink,#F88379,248,131,121,5,51,97
Coral red,#FF4040,255,64,64,0,75,100
Cordovan,#893F45,137,63,69,355,54,54
Corn,#FBEC5D,251,236,93,54,63,98
Cornell Red,#B31B1B,179,27,27,0,85,70
Cornflower blue,#6495ED,100,149,237,219,58,93
Cornsilk,#FFF8DC,255,248,220,48,14,100
Cosmic Cobalt,#2E2D88,46,45,136,241,67,53
Cosmic latte,#FFF8E7,255,248,231,43,9,100
Coyote brown,#81613e,129,97,62,62,52,51
Cotton candy,#FFBCD9,255,188,217,334,26,100
Cream,#FFFDD0,255,253,208,57,18,100
Crimson,#DC143C,220,20,60,348,91,86
Crimson glory,#BE0032,190,0,50,344,100,75
Crimson red,#990000,153,0,0,0,100,60
Cultured,#F5F5F5,245,245,245,0,0,96
Cyan,#00FFFF,0,255,255,180,100,100
Cyan azure,#4E82b4,78,130,180,209,57,71
Cyan-blue azure,#4682BF,70,130,191,210,63,75
Cyan cobalt blue,#28589C,40,88,156,215,74,61
Cyan cornflower blue,#188BC2,24,139,194,199,88,76
Cyan (process),#00B7EB,0,183,235,193,100,92
Cyber grape,#58427C,88,66,124,263,47,49
Cyber yellow,#FFD300,255,211,0,50,100,100
Cyclamen,#F56FA1,245,111,161,0,54,96
Daffodil,#FFFF31,255,255,49,60,81,100
Dandelion,#F0E130,240,225,48,55,80,94
Dark blue,#00008B,0,0,139,240,100,55
Dark blue-gray,#666699,102,102,153,240,33,60
Dark brown,#654321,101,67,33,30,67,40
Dark brown-tangelo,#88654E,136,101,78,24,43,53
Dark byzantium,#5D3954,93,57,84,315,39,36
Dark candy apple red,#A40000,164,0,0,0,100,64
Dark cerulean,#08457E,8,69,126,209,94,49
Dark chestnut,#986960,152,105,96,10,37,60
Dark coral,#CD5B45,205,91,69,10,66,80
Dark cyan,#008B8B,0,139,139,180,100,55
Dark electric blue,#536878,83,104,120,206,31,47
Dark goldenrod,#B8860B,184,134,11,43,94,72
Dark gray (X11),#A9A9A9,169,169,169,0,0,66
Dark green,#013220,1,50,32,158,98,20
Dark green (X11),#006400,0,100,0,120,100,39
Dark gunmetal,#1F262A,31,38,42,202,26,16
Dark imperial blue,#00416A,0,65,106,203,100,42
Dark imperial blue,#6E6EF9,110,110,249,183,100,40
Dark jungle green,#1A2421,26,36,33,162,28,14
Dark khaki,#BDB76B,189,183,107,56,43,74
Dark lava,#483C32,72,60,50,27,31,28
Dark lavender,#734F96,115,79,150,270,47,59
Dark liver,#534B4F,83,75,79,330,10,33
Dark liver (horses),#543D37,84,61,55,12,35,33
Dark magenta,#8B008B,139,0,139,300,100,55
Dark medium gray,#A9A9A9,169,169,169,0,0,66
Dark midnight blue,#003366,0,51,102,210,100,40
Dark moss green,#4A5D23,74,93,35,80,62,36
Dark olive green,#556B2F,85,107,47,82,56,42
Dark orange,#FF8C00,255,140,0,33,100,100
Dark orchid,#9932CC,153,50,204,280,75,80
Dark pastel blue,#779ECB,119,158,203,212,41,80
Dark pastel green,#03C03C,3,192,60,138,98,75
Dark pastel purple,#966FD6,150,111,214,263,48,84
Dark pastel red,#C23B22,194,59,34,9,82,76
Dark pink,#E75480,231,84,128,342,64,91
Dark powder blue,#003399,0,51,153,220,100,60
Dark puce,#4F3A3C,79,58,60,354,27,31
Dark purple,#301934,48,25,52,291,51,20
Dark raspberry,#872657,135,38,87,330,72,53
Dark red,#8B0000,139,0,0,0,100,55
Dark salmon,#E9967A,233,150,122,15,48,91
Dark scarlet,#560319,86,3,25,344,97,34
Dark sea green,#8FBC8F,143,188,143,120,24,74
Dark sienna,#3C1414,60,20,20,0,67,24
Dark sky blue,#8CBED6,140,190,214,199,35,84
Dark slate blue,#483D8B,72,61,139,248,56,55
Dark slate gray,#2F4F4F,47,79,79,180,41,31
Dark spring green,#177245,23,114,69,150,80,45
Dark tan,#918151,145,129,81,45,44,57
Dark tangerine,#FFA812,255,168,18,38,93,100
Dark taupe,#483C32,72,60,50,27,31,28
Dark terra cotta,#CC4E5C,204,78,92,353,62,80
Dark turquoise,#00CED1,0,206,209,181,100,82
Dark vanilla,#D1BEA8,209,190,168,32,20,82
Dark violet,#9400D3,148,0,211,282,100,83
Dark yellow,#9B870C,155,135,12,52,92,61
Dartmouth green,#00703C,0,112,60,152,100,44
Davy's grey,#555555,85,85,85,0,0,33
Debian red,#D70A53,215,10,83,339,95,84
Deep aquamarine,#40826D,64,130,109,161,51,51
Deep carmine,#A9203E,169,32,62,347,81,66
Deep carmine pink,#EF3038,239,48,56,357,80,94
Deep carrot orange,#E9692C,233,105,44,19,81,91
Deep cerise,#DA3287,218,50,135,330,77,85
Deep champagne,#FAD6A5,250,214,165,35,34,98
Deep chestnut,#B94E48,185,78,72,3,61,73
Deep coffee,#704241,112,66,65,1,42,44
Deep fuchsia,#C154C1,193,84,193,300,56,76
Deep Green,#056608,5,102,8,122,95,40
Deep green-cyan turquoise,#0E7C61,14,124,97,165,89,49
Deep jungle green,#004B49,0,75,73,178,100,29
Deep koamaru,#333366,51,51,102,240,50,40
Deep lemon,#F5C71A,245,199,26,47,89,96
Deep lilac,#9955BB,153,85,187,280,55,73
Deep magenta,#CC00CC,204,0,204,300,100,80
Deep maroon,#820000,130,0,0,0,100,51
Deep mauve,#D473D4,212,115,212,300,46,83
Deep moss green,#355E3B,53,94,59,129,44,37
Deep peach,#FFCBA4,255,203,164,26,36,100
Deep pink,#FF1493,255,20,147,328,92,100
Deep puce,#A95C68,169,92,104,351,46,66
Deep Red,#850101,133,1,1,0,99,52
Deep ruby,#843F5B,132,63,91,336,52,52
Deep saffron,#FF9933,255,153,51,30,80,100
Deep sky blue,#00BFFF,0,191,255,195,100,100
Deep Space Sparkle,#4A646C,74,100,108,194,31,42
Deep spring bud,#556B2F,85,107,47,82,56,42
Deep Taupe,#7E5E60,126,94,96,356,25,49
Deep Tuscan red,#66424D,102,66,77,342,35,40
Deep violet,#330066,51,0,102,270,100,40
Deer,#BA8759,186,135,89,28,52,73
Denim,#1560BD,21,96,189,213,89,74
Denim Blue,#2243B6,34,67,182,227,81,71
Desaturated cyan,#669999,102,153,153,180,33,60
Desert,#C19A6B,193,154,107,33,45,76
Desert sand,#EDC9AF,237,201,175,25,26,93
Desire,#EA3C53,234,60,83,352,74,92
Diamond,#B9F2FF,185,242,255,191,27,100
Dim gray,#696969,105,105,105,0,0,41
Dingy Dungeon,#C53151,197,49,81,347,75,77
Dirt,#9B7653,155,118,83,29,46,61
Dodger blue,#1E90FF,30,144,255,210,88,100
Dogwood rose,#D71868,215,24,104,335,89,84
Dollar bill,#85BB65,133,187,101,98,46,73
Donkey brown,#664C28,102,76,40,35,61,40
Drab,#967117,150,113,23,43,85,59
Duke blue,#00009C,0,0,156,240,100,61
Dust storm,#E5CCC9,229,204,201,6,12,90
Dutch white,#EFDFBB,239,223,187,42,22,94
Earth yellow,#E1A95F,225,169,95,34,58,88
Ebony,#555D50,85,93,80,97,14,36
Ecru,#C2B280,194,178,128,45,34,76
Eerie black,#1B1B1B,27,27,27,0,0,11
Eggplant,#614051,97,64,81,329,34,38
Eggshell,#F0EAD6,240,234,214,46,11,94
Egyptian blue,#1034A6,16,52,166,226,90,65
Electric blue,#7DF9FF,125,249,255,183,51,100
Electric crimson,#FF003F,255,0,63,345,100,100
Electric cyan,#00FFFF,0,255,255,180,100,100
Electric green,#00FF00,0,255,0,120,100,100
Electric indigo,#6F00FF,111,0,255,266,100,100
Electric lavender,#F4BBFF,244,187,255,290,27,100
Electric lime,#CCFF00,204,255,0,72,100,100
Electric purple,#BF00FF,191,0,255,285,100,100
Electric ultramarine,#3F00FF,63,0,255,255,100,100
Electric violet,#8F00FF,143,0,255,274,100,100
Electric yellow,#FFFF33,255,255,51,60,80,100
Emerald,#50C878,80,200,120,140,60,78
Eminence,#6C3082,108,48,130,284,63,51
English green,#1B4D3E,27,77,62,162,65,30
English lavender,#B48395,180,131,149,338,27,71
English red,#AB4B52,171,75,82,356,56,67
English vermillion,#CC474B,204,71,75,358,65,80
English violet,#563C5C,86,60,92,289,35,36
Eton blue,#96C8A2,150,200,162,134,25,78
Eucalyptus,#44D7A8,68,215,168,161,68,84
Fallow,#C19A6B,193,154,107,33,45,76
Falu red,#801818,128,24,24,0,81,50
Fandango,#B53389,181,51,137,320,72,71
Fandango pink,#DE5285,222,82,133,338,63,87
Fashion fuchsia,#F400A1,244,0,161,320,100,96
Fawn,#E5AA70,229,170,112,30,51,90
Feldgrau,#4D5D53,77,93,83,143,17,36
Feldspar,#FDD5B1,253,213,177,28,30,99
Fern green,#4F7942,79,121,66,106,45,47
Ferrari Red,#FF2800,255,40,0,9,100,100
Field drab,#6C541E,108,84,30,42,72,42
Fiery Rose,#FF5470,255,84,112,350,67,100
Firebrick,#B22222,178,34,34,0,81,70
Fire engine red,#CE2029,206,32,41,357,84,81
Flame,#E25822,226,88,34,17,85,89
Flamingo pink,#FC8EAC,252,142,172,344,44,99
Flattery,#6B4423,107,68,35,28,67,42
Flavescent,#F7E98E,247,233,142,52,43,97
Flax,#EEDC82,238,220,130,50,45,93
Flirt,#A2006D,162,0,109,320,100,64
Floral white,#FFFAF0,255,250,240,40,6,100
Fluorescent orange,#FFBF00,255,191,0,45,100,100
Fluorescent pink,#FF1493,255,20,147,328,92,100
Fluorescent yellow,#CCFF00,204,255,0,72,100,100
Folly,#FF004F,255,0,79,341,100,100
Forest green (traditional),#014421,1,68,33,149,99,27
Forest green (web),#228B22,34,139,34,120,76,55
French beige,#A67B5B,166,123,91,26,45,65
French bistre,#856D4D,133,109,77,34,42,52
French blue,#0072BB,0,114,187,203,100,73
French fuchsia,#FD3F92,253,63,146,334,75,99
French lilac,#86608E,134,96,142,290,32,56
French lime,#9EFD38,158,253,56,89,78,99
French mauve,#D473D4,212,115,212,300,46,83
French pink,#FD6C9E,253,108,158,339,57,99
French plum,#811453,129,20,83,325,84,51
French puce,#4E1609,78,22,9,11,88,31
French raspberry,#C72C48,199,44,72,349,78,78
French rose,#F64A8A,246,74,138,338,70,96
French sky blue,#77B5FE,119,181,254,212,53,100
French violet,#8806CE,136,6,206,279,97,81
French wine,#AC1E44,172,30,68,344,83,67
Fresh Air,#A6E7FF,166,231,255,196,35,100
Frostbite,#E936A7,233,54,167,322,77,91
Fuchsia,#FF00FF,255,0,255,300,100,100
Fuchsia (Crayola),#C154C1,193,84,193,300,56,76
Fuchsia pink,#FF77FF,255,119,255,300,53,100
Fuchsia purple,#CC397B,204,57,123,333,72,80
Fuchsia rose,#C74375,199,67,117,337,66,78
Fulvous,#E48400,228,132,0,35,100,89
Fuzzy Wuzzy,#CC6666,204,102,102,0,50,80
Gainsboro,#DCDCDC,220,220,220,0,0,86
Gamboge,#E49B0F,228,155,15,39,93,89
Gamboge orange (brown),#996600,153,102,0,40,100,60
Gargoyle Gas,#FFDF46,255,223,70,50,73,100
Generic viridian,#007F66,0,127,102,168,100,50
Ghost white,#F8F8FF,248,248,255,240,3,100
Giant's Club,#B05C52,176,92,82,6,53,69
Giants orange,#FE5A1D,254,90,29,16,89,100
Ginger,#B06500,176,101,0,34,100,69
Glaucous,#6082B6,96,130,182,216,47,71
Glitter,#E6E8FA,230,232,250,234,8,98
Glossy Grape,#AB92B3,171,146,179,285,18,70
GO green,#00AB66,0,171,102,156,100,67
Gold (metallic),#D4AF37,212,175,55,46,74,83
Gold (web) (Golden),#FFD700,255,215,0,51,100,100
Gold Fusion,#85754E,133,117,78,43,41,52
Golden brown,#996515,153,101,21,36,86,60
Golden poppy,#FCC200,252,194,0,46,100,99
Golden yellow,#FFDF00,255,223,0,52,100,100
Goldenrod,#DAA520,218,165,32,43,85,85
Granite Gray,#676767,103,103,103,0,0,40
Granny Smith Apple,#A8E4A0,168,228,160,113,30,89
Grape,#6F2DA8,111,45,168,272,73,66
Gray,#808080,128,128,128,0,0,50
Gray (HTML/CSS gray),#808080,128,128,128,0,0,50
Gray (X11 gray),#BEBEBE,190,190,190,0,0,75
Gray-asparagus,#465945,70,89,69,117,22,35
Gray-blue,#8C92AC,140,146,172,229,19,67
Green (Color Wheel) (X11 green),#00FF00,0,255,0,120,100,100
Green (Crayola),#1CAC78,28,172,120,158,84,67
Green (HTML/CSS color),#008000,0,128,0,120,100,50
Green (Munsell),#00A877,0,168,119,163,100,66
Green (NCS),#009F6B,0,159,107,160,100,62
Green (Pantone),#00AD43,0,173,67,143,100,68
Green (pigment),#00A550,0,165,80,149,100,65
Green (RYB),#66B032,102,176,50,95,72,69
Green-blue,#1164B4,17,100,180,209,91,71
Green-cyan,#009966,0,153,102,160,100,60
Green Lizard,#A7F432,167,244,50,84,80,96
Green Sheen,#6EAEA1,110,174,161,168,37,68
Green-yellow,#ADFF2F,173,255,47,84,82,100
Grizzly,#885818,136,88,24,34,82,53
Grullo,#A99A86,169,154,134,34,21,66
Guppie green,#00FF7F,0,255,127,150,100,100
Gunmetal,#2a3439,42,52,57,200,15,19
Halayà úbe,#663854,102,56,84,323,45,40
Han blue,#446CCF,68,108,207,223,67,81
Han purple,#5218FA,82,24,250,255,90,98
Hansa yellow,#E9D66B,233,214,107,51,54,91
Harlequin,#3FFF00,63,255,0,105,100,100
Harlequin green,#46CB18,70,203,24,105,88,80
Harvard crimson,#C90016,201,0,22,353,100,79
Harvest gold,#DA9100,218,145,0,40,100,85
Heart Gold,#808000,128,128,0,60,100,50
Heat Wave,#FF7A00,255,122,0,29,100,100
Heliotrope,#DF73FF,223,115,255,286,55,100
Heliotrope gray,#AA98A9,170,152,169,303,11,67
Heliotrope magenta,#AA00BB,170,0,187,295,100,73
Hollywood cerise,#F400A1,244,0,161,320,100,96
Honeydew,#F0FFF0,240,255,240,120,6,100
Honolulu blue,#006DB0,0,109,176,203,100,69
Hooker's green,#49796B,73,121,107,163,40,47
Hot magenta,#FF1DCE,255,29,206,313,89,100
Hot pink,#FF69B4,255,105,180,330,59,100
Hunter green,#355E3B,53,94,59,129,44,37
Iceberg,#71A6D2,113,166,210,207,46,82
Icterine,#FCF75E,252,247,94,58,63,99
Illuminating Emerald,#319177,49,145,119,164,66,57
Imperial,#602F6B,96,47,107,289,56,42
Imperial blue,#002395,0,35,149,226,100,58
Imperial purple,#66023C,102,2,60,325,98,40
Imperial red,#ED2939,237,41,57,355,83,93
Inchworm,#B2EC5D,178,236,93,84,61,93
Independence,#4C516D,76,81,109,231,30,43
India green,#138808,19,136,8,115,94,53
Indian red,#CD5C5C,205,92,92,0,55,80
Indian yellow,#E3A857,227,168,87,35,62,89
Indigo,#4B0082,75,0,130,266,100,100
Indigo dye,#091F92,9,31,146,230,94,57
Indigo (web),#4B0082,75,0,130,275,100,51
International Klein Blue,#002FA7,0,47,167,223,100,65
International orange (aerospace),#FF4F00,255,79,0,19,100,100
International orange (engineering),#BA160C,186,22,12,3,94,73
International orange (Golden Gate Bridge),#C0362C,192,54,44,4,77,75
Iris,#5A4FCF,90,79,207,245,62,81
Irresistible,#B3446C,179,68,108,338,62,70
Isabelline,#F4F0EC,244,240,236,30,3,96
Islamic green,#009000,0,144,0,120,100,56
Italian sky blue,#B2FFFF,178,255,255,180,30,100
Ivory,#FFFFF0,255,255,240,60,6,100
Jade,#00A86B,0,168,107,158,100,66
Japanese carmine,#9D2933,157,41,51,355,74,62
Japanese indigo,#264348,38,67,72,189,47,28
Japanese violet,#5B3256,91,50,86,307,45,36
Jasmine,#F8DE7E,248,222,126,47,49,97
Jasper,#D73B3E,215,59,62,359,73,84
Jazzberry jam,#A50B5E,165,11,94,328,93,65
Jelly Bean,#DA614E,218,97,78,8,64,85
Jet,#343434,52,52,52,0,0,20
Jonquil,#F4CA16,244,202,22,49,91,96
Jordy blue,#8AB9F1,138,185,241,213,43,95
June bud,#BDDA57,189,218,87,73,60,85
Jungle green,#29AB87,41,171,135,163,76,67
Kelly green,#4CBB17,76,187,23,101,88,73
Kenyan copper,#7C1C05,124,28,5,12,96,49
Keppel,#3AB09E,58,176,158,171,67,69
Key Lime,#E8F48C,232,244,140,67,43,96
Khaki (HTML/CSS) (Khaki),#C3B091,195,176,145,37,26,76
Khaki (X11) (Light khaki),#F0E68C,240,230,140,54,42,94
Kobe,#882D17,136,45,23,12,83,53
Kobi,#E79FC4,231,159,196,329,31,91
Kobicha,#6B4423,107,68,35,28,67,42
Kombu green,#354230,53,66,48,103,27,26
KU Crimson,#E8000D,232,0,13,357,100,91
La Salle Green,#087830,8,120,48,141,93,47
Languid lavender,#D6CADD,214,202,221,278,9,87
Lapis lazuli,#26619C,38,97,156,210,76,61
Laser Lemon,#FFFF66,255,255,102,60,60,100
Laurel green,#A9BA9D,169,186,157,95,16,73
Lava,#CF1020,207,16,32,355,92,81
Lavender (floral),#B57EDC,181,126,220,275,43,86
Lavender (web),#E6E6FA,230,230,250,240,8,98
Lavender blue,#CCCCFF,204,204,255,240,20,100
Lavender blush,#FFF0F5,255,240,245,340,6,100
Lavender gray,#C4C3D0,196,195,208,245,6,82
Lavender indigo,#9457EB,148,87,235,265,63,92
Lavender magenta,#EE82EE,238,130,238,300,45,93
Lavender mist,#E6E6FA,230,230,250,240,8,98
Lavender pink,#FBAED2,251,174,210,332,31,98
Lavender purple,#967BB6,150,123,182,267,32,71
Lavender rose,#FBA0E3,251,160,227,316,36,98
Lawn green,#7CFC00,124,252,0,90,100,99
Lemon,#FFF700,255,247,0,58,100,100
Lemon chiffon,#FFFACD,255,250,205,54,20,100
Lemon curry,#CCA01D,204,160,29,45,86,80
Lemon glacier,#FDFF00,253,255,0,60,100,100
Lemon lime,#E3FF00,227,255,0,67,100,100
Lemon meringue,#F6EABE,246,234,190,47,23,96
Lemon yellow,#FFF44F,255,244,79,56,69,100
Lenurple,#BA93D8,186,147,216,274,32,85
Licorice,#1A1110,26,17,16,6,38,10
Liberty,#545AA7,84,90,167,236,50,65
Light apricot,#FDD5B1,253,213,177,28,30,99
Light blue,#ADD8E6,173,216,230,195,25,90
Light brilliant red,#FE2E2E,254,46,46,0,82,100
Light brown,#B5651D,181,101,29,28,84,71
Light carmine pink,#E66771,230,103,113,355,55,90
Light cobalt blue,#88ACE0,136,172,224,215,39,88
Light coral,#F08080,240,128,128,0,47,94
Light cornflower blue,#93CCEA,147,204,234,201,37,92
Light crimson,#F56991,245,105,145,343,57,96
Light cyan,#E0FFFF,224,255,255,180,12,100
Light deep pink,#FF5CCD,255,92,205,318,64,100
Light French beige,#C8AD7F,200,173,127,38,37,78
Light fuchsia pink,#F984EF,249,132,239,305,47,98
Light goldenrod yellow,#FAFAD2,250,250,210,60,16,98
Light gray,#D3D3D3,211,211,211,0,0,83
Light grayish magenta,#CC99CC,204,153,204,300,25,80
Light green,#90EE90,144,238,144,120,39,93
Light hot pink,#FFB3DE,255,179,222,326,30,100
Light khaki,#F0E68C,240,230,140,54,42,94
Light medium orchid,#D39BCB,211,155,203,309,27,83
Light moss green,#ADDFAD,173,223,173,120,22,87
Light orchid,#E6A8D7,230,168,215,315,27,90
Light pastel purple,#B19CD9,177,156,217,261,28,85
Light pink,#FFB6C1,255,182,193,351,29,100
Light red ochre,#E97451,233,116,81,14,65,91
Light salmon,#FFA07A,255,160,122,17,52,100
Light salmon pink,#FF9999,255,153,153,0,40,100
Light sea green,#20B2AA,32,178,170,177,82,70
Light sky blue,#87CEFA,135,206,250,203,46,98
Light slate gray,#778899,119,136,153,210,22,60
Light steel blue,#B0C4DE,176,196,222,214,21,87
Light taupe,#B38B6D,179,139,109,26,39,70
Light Thulian pink,#E68FAC,230,143,172,340,38,90
Light yellow,#FFFFE0,255,255,224,60,12,100
Lilac,#C8A2C8,200,162,200,300,19,78
Lilac Luster,#AE98AA,174,152,170,311,13,68
Lime (color wheel),#BFFF00,191,255,0,75,100,100
Lime (web) (X11 green),#00FF00,0,255,0,120,100,100
Lime green,#32CD32,50,205,50,120,76,80
Limerick,#9DC209,157,194,9,72,95,76
Lincoln green,#195905,25,89,5,106,94,35
Linen,#FAF0E6,250,240,230,30,8,98
Lion,#C19A6B,193,154,107,33,45,76
Liseran Purple,#DE6FA1,222,111,161,333,50,87
Little boy blue,#6CA0DC,108,160,220,212,51,86
Liver,#674C47,103,76,71,9,31,40
Liver (dogs),#B86D29,184,109,41,29,78,72
Liver (organ),#6C2E1F,108,46,31,12,71,42
Liver chestnut,#987456,152,116,86,27,43,60
Livid,#6699CC,102,153,204,210,50,80
Lumber,#FFE4CD,255,228,205,28,20,100
Lust,#E62020,230,32,32,0,86,90
Macaroni and Cheese,#FFBD88,255,189,136,27,47,100
Magenta,#FF00FF,255,0,255,300,100,100
Magenta (Crayola),#FF55A3,255,85,163,332,67,100
Magenta (dye),#CA1F7B,202,31,123,328,85,79
Magenta (Pantone),#D0417E,208,65,126,334,69,82
Magenta (process),#FF0090,255,0,144,326,100,100
Magenta haze,#9F4576,159,69,118,327,57,62
Magenta-pink,#CC338B,204,51,139,325,75,80
Magic mint,#AAF0D1,170,240,209,153,29,94
Magic Potion,#FF4466,255,68,102,349,73,100
Magnolia,#F8F4FF,248,244,255,262,4,100
Mahogany,#C04000,192,64,0,20,100,75
Maize,#FBEC5D,251,236,93,54,63,98
Majorelle Blue,#6050DC,96,80,220,247,64,86
Malachite,#0BDA51,11,218,81,140,95,85
Manatee,#979AAA,151,154,170,231,11,67
Mandarin,#F37A48,243,122,72,18,70,95
Mango Tango,#FF8243,255,130,67,20,74,100
Mantis,#74C365,116,195,101,110,48,76
Mardi Gras,#880085,136,0,133,301,100,53
Marigold,#EAA221,234,162,33,39,85,91
Maroon (Crayola),#C32148,195,33,72,346,83,76
Maroon (HTML/CSS),#800000,128,0,0,0,100,50
Maroon (X11),#B03060,176,48,96,338,73,69
Mauve,#E0B0FF,224,176,255,276,31,100
Mauve taupe,#915F6D,145,95,109,343,34,57
Mauvelous,#EF98AA,239,152,170,348,36,94
Maximum Blue,#47ABCC,71,171,204,195,65,80
Maximum Yellow,#FAFA37,250,250,55,60,78,98
May green,#4C9141,76,145,65,112,55,57
Maya blue,#73C2FB,115,194,251,205,54,98
Meat brown,#E5B73B,229,183,59,44,74,90
Medium aquamarine,#66DDAA,102,221,170,154,54,87
Medium blue,#0000CD,0,0,205,240,100,80
Medium candy apple red,#E2062C,226,6,44,350,97,89
Medium carmine,#AF4035,175,64,53,5,70,69
Medium champagne,#F3E5AB,243,229,171,48,30,95
Medium electric blue,#035096,3,80,150,209,98,59
Medium jungle green,#1C352D,28,53,45,161,47,21
Medium lavender magenta,#DDA0DD,221,160,221,300,28,87
Medium orchid,#BA55D3,186,85,211,288,60,83
Medium Persian blue,#0067A5,0,103,165,203,100,65
Medium purple,#9370DB,147,112,219,260,49,86
Medium red-violet,#BB3385,187,51,133,324,73,73
Medium ruby,#AA4069,170,64,105,337,62,67
Medium sea green,#3CB371,60,179,113,147,66,70
Medium sky blue,#80DAEB,128,218,235,190,46,92
Medium slate blue,#7B68EE,123,104,238,249,56,93
Medium spring bud,#C9DC87,201,220,135,73,39,86
Medium spring green,#00FA9A,0,250,154,157,100,98
Medium taupe,#674C47,103,76,71,9,31,40
Medium turquoise,#48D1CC,72,209,204,178,66,82
Medium Tuscan red,#79443B,121,68,59,9,51,47
Medium vermilion,#D9603B,217,96,59,14,73,85
Medium violet-red,#C71585,199,21,133,322,89,78
Mellow apricot,#F8B878,248,184,120,30,52,97
Mellow yellow,#F8DE7E,248,222,126,47,49,97
Melon,#FDBCB4,253,188,180,7,29,99
Metallic Seaweed,#0A7E8C,10,126,140,186,93,55
Metallic Sunburst,#9C7C38,156,124,56,41,64,61
Metal Pink,#FF00FD,255,0,253,300,99,50
Mexican pink,#E4007C,228,0,124,327,100,89
Midnight,#702670,112,38,112,300,66,44
Midnight blue,#191970,25,25,112,240,78,44
Midnight green (eagle green),#004953,0,73,83,187,100,33
Mikado yellow,#FFC40C,255,196,12,45,95,100
Mindaro,#E3F988,227,249,136,72,45,98
Ming,#36747D,54,116,125,188,56,49
Minion Yellow,#F5E050,245,224,80,52,67,96
Mint,#3EB489,62,180,137,158,66,71
Mint cream,#F5FFFA,245,255,250,150,4,100
Mint green,#98FF98,152,255,152,120,40,100
Misty Moss,#BBB477,187,180,119,54,36,73
Misty rose,#FFE4E1,255,228,225,6,12,100
Moccasin,#FAEBD7,250,235,215,34,14,98
Mode beige,#967117,150,113,23,43,85,59
Moonstone blue,#73A9C2,115,169,194,199,41,76
Mordant red 19,#AE0C00,174,12,0,4,100,68
Moss green,#8A9A5B,138,154,91,75,41,60
Mountain Meadow,#30BA8F,48,186,143,161,74,73
Mountbatten pink,#997A8D,153,122,141,323,20,60
MSU Green,#18453B,24,69,59,167,65,27
Mughal green,#306030,48,96,48,120,50,38
Mulberry,#C54B8C,197,75,140,328,62,77
Mummy's Tomb,#828E84,130,142,132,130,9,56
Mustard,#FFDB58,255,219,88,47,65,100
Myrtle green,#317873,49,120,115,176,59,47
Mystic,#D65282,214,82,130,338,62,84
Mystic Maroon,#AD4379,173,67,121,329,62,68
Nadeshiko pink,#F6ADC6,246,173,198,339,30,96
Napier green,#2A8000,42,128,0,100,100,50
Naples yellow,#FADA5E,250,218,94,48,62,98
Navajo white,#FFDEAD,255,222,173,36,32,100
Navy,#000080,0,0,128,240,100,50
Navy purple,#9457EB,148,87,235,265,63,92
Neon Carrot,#FFA343,255,163,67,31,74,100
Neon fuchsia,#FE4164,254,65,100,349,74,100
Neon green,#39FF14,57,255,20,111,92,100
New Car,#214FC6,33,79,198,223,83,78
New York pink,#D7837F,215,131,127,3,41,84
Nickel,#727472,114,116,114,120,2,46
Non-photo blue,#A4DDED,164,221,237,193,31,93
North Texas Green,#059033,5,144,51,140,97,56
Nyanza,#E9FFDB,233,255,219,97,14,100
Ocean Blue,#4F42B5,79,66,181,247,64,71
Ocean Boat Blue,#0077BE,0,119,190,202,100,75
Ocean Green,#48BF91,72,191,145,157,62,75
Ochre,#CC7722,204,119,34,30,83,80
Office green,#008000,0,128,0,120,100,50
Ogre Odor,#FD5240,253,82,64,6,75,99
Old burgundy,#43302E,67,48,46,6,31,26
Old gold,#CFB53B,207,181,59,49,71,81
Old heliotrope,#563C5C,86,60,92,289,35,36
Old lace,#FDF5E6,253,245,230,39,9,99
Old lavender,#796878,121,104,120,304,14,47
Old mauve,#673147,103,49,71,336,52,40
Old moss green,#867E36,134,126,54,54,60,53
Old rose,#C08081,192,128,129,359,33,75
Old silver,#848482,132,132,130,60,2,52
Olive,#808000,128,128,0,60,100,50
Olive Drab (#3),#6B8E23,107,142,35,80,75,56
Olive Drab #7,#3C341F,60,52,31,43,48,24
Olivine,#9AB973,154,185,115,87,38,73
Onyx,#353839,53,56,57,195,7,22
Opera mauve,#B784A7,183,132,167,319,28,72
Orange (color wheel),#FF7F00,255,127,0,30,100,100
Orange (Crayola),#FF7538,255,117,56,18,78,100
Orange (Pantone),#FF5800,255,88,0,21,100,100
Orange (RYB),#FB9902,251,153,2,36,99,98
Orange (web),#FFA500,255,165,0,39,100,100
Orange peel,#FF9F00,255,159,0,37,100,100
Orange-red,#FF4500,255,69,0,16,100,100
Orange Soda,#FA5B3D,250,91,61,10,76,98
Orange-yellow,#F8D568,248,213,104,45,58,97
Orchid,#DA70D6,218,112,214,302,49,85
Orchid pink,#F2BDCD,242,189,205,342,22,95
Orioles orange,#FB4F14,251,79,20,15,92,98
Otter brown,#654321,101,67,33,30,67,40
Outer Space,#414A4C,65,74,76,191,14,30
Outrageous Orange,#FF6E4A,255,110,74,12,71,100
Oxford Blue,#002147,0,33,71,212,100,28
OU Crimson Red,#990000,153,0,0,0,100,60
Pacific Blue,#1CA9C9,28,169,201,191,86,79
Pakistan green,#006600,0,102,0,120,100,40
Palatinate blue,#273BE2,39,59,226,234,83,89
Palatinate purple,#682860,104,40,96,308,62,41
Pale aqua,#BCD4E6,188,212,230,206,18,90
Pale blue,#AFEEEE,175,238,238,180,26,93
Pale brown,#987654,152,118,84,30,45,60
Pale carmine,#AF4035,175,64,53,5,70,69
Pale cerulean,#9BC4E2,155,196,226,205,31,89
Pale chestnut,#DDADAF,221,173,175,358,22,87
Pale copper,#DA8A67,218,138,103,18,53,85
Pale cornflower blue,#ABCDEF,171,205,239,210,28,94
Pale cyan,#87D3F8,135,211,248,200,46,97
Pale gold,#E6BE8A,230,190,138,34,40,90
Pale goldenrod,#EEE8AA,238,232,170,55,29,93
Pale green,#98FB98,152,251,152,120,39,98
Pale lavender,#DCD0FF,220,208,255,255,18,100
Pale magenta,#F984E5,249,132,229,310,47,98
Pale magenta-pink,#FF99CC,255,153,204,330,40,100
Pale pink,#FADADD,250,218,221,354,13,98
Pale plum,#DDA0DD,221,160,221,300,28,87
Pale red-violet,#DB7093,219,112,147,340,49,86
Pale robin egg blue,#96DED1,150,222,209,169,32,87
Pale silver,#C9C0BB,201,192,187,21,7,79
Pale spring bud,#ECEBBD,236,235,189,59,20,93
Pale taupe,#BC987E,188,152,126,25,33,74
Pale turquoise,#AFEEEE,175,238,238,180,26,93
Pale violet,#CC99FF,204,153,255,270,40,100
Pale violet-red,#DB7093,219,112,147,340,49,86
Pansy purple,#78184A,120,24,74,329,80,47
Paolo Veronese green,#009B7D,0,155,125,168,100,61
Papaya whip,#FFEFD5,255,239,213,37,16,100
Paradise pink,#E63E62,230,62,98,347,73,90
Paris Green,#50C878,80,200,120,140,60,78
Pastel blue,#AEC6CF,174,198,207,196,16,81
Pastel brown,#836953,131,105,83,28,37,51
Pastel gray,#CFCFC4,207,207,196,60,5,81
Pastel green,#77DD77,119,221,119,120,46,87
Pastel magenta,#F49AC2,244,154,194,333,37,96
Pastel orange,#FFB347,255,179,71,35,72,100
Pastel pink,#DEA5A4,222,165,164,1,26,87
Pastel purple,#B39EB5,179,158,181,295,13,71
Pastel red,#FF6961,255,105,97,3,62,100
Pastel violet,#CB99C9,203,153,201,302,25,80
Pastel yellow,#FDFD96,253,253,150,60,41,99
Patriarch,#800080,128,0,128,300,100,50
Payne's grey,#536878,83,104,120,206,31,47
Peach,#FFE5B4,255,229,180,39,29,100
Peach,#FFCBA4,255,203,164,26,36,100
Peach-orange,#FFCC99,255,204,153,30,40,100
Peach puff,#FFDAB9,255,218,185,28,27,100
Peach-yellow,#FADFAD,250,223,173,39,31,98
Pear,#D1E231,209,226,49,66,78,89
Pearl,#EAE0C8,234,224,200,42,15,92
Pearl Aqua,#88D8C0,136,216,192,162,37,85
Pearly purple,#B768A2,183,104,162,316,43,72
Peridot,#E6E200,230,226,0,59,100,90
Periwinkle,#CCCCFF,204,204,255,240,20,100
Permanent Geranium Lake,#E12C2C,225,44,44,0,80,88
Persian blue,#1C39BB,28,57,187,229,85,73
Persian green,#00A693,0,166,147,173,100,65
Persian indigo,#32127A,50,18,122,258,85,48
Persian orange,#D99058,217,144,88,26,59,85
Persian pink,#F77FBE,247,127,190,329,49,97
Persian plum,#701C1C,112,28,28,0,75,44
Persian red,#CC3333,204,51,51,0,75,80
Persian rose,#FE28A2,254,40,162,326,84,100
Persimmon,#EC5800,236,88,0,22,100,93
Peru,#CD853F,205,133,63,30,69,80
Pewter Blue,#8BA8B7,139,168,183,200,24,72
Phlox,#DF00FF,223,0,255,292,100,100
Phthalo blue,#000F89,0,15,137,233,100,54
Phthalo green,#123524,18,53,36,151,66,21
Picton blue,#45B1E8,69,177,232,200,70,91
Pictorial carmine,#C30B4E,195,11,78,338,94,76
Piggy pink,#FDDDE6,253,221,230,343,13,99
Pine green,#01796F,1,121,111,175,99,47
Pineapple,#563C5C,86,60,92,289,35,36
Pink,#FFC0CB,255,192,203,350,25,100
Pink (Pantone),#D74894,215,72,148,328,67,84
Pink Flamingo,#FC74FD,252,116,253,300,54,99
Pink lace,#FFDDF4,255,221,244,319,13,100
Pink lavender,#D8B2D1,216,178,209,311,18,85
Pink-orange,#FF9966,255,153,102,20,60,100
Pink pearl,#E7ACCF,231,172,207,324,26,91
Pink raspberry,#980036,152,0,54,339,100,60
Pink Sherbet,#F78FA7,247,143,167,346,42,97
Pistachio,#93C572,147,197,114,96,42,77
Pixie Powder,#391285,57,18,133,260,87,52
Platinum,#E5E4E2,229,228,226,40,1,90
Plum,#8E4585,142,69,133,307,51,56
Plum (web),#DDA0DD,221,160,221,300,28,87
Plump Purple,#5946B2,89,70,178,251,61,70
Polished Pine,#5DA493,93,164,147,166,43,64
Pomp and Power,#86608E,134,96,142,290,32,56
Popstar,#BE4F62,190,79,98,350,58,75
Portland Orange,#FF5A36,255,90,54,11,79,100
Powder blue,#B0E0E6,176,224,230,187,23,90
Princess Perfume,#FF85CF,255,133,207,324,48,100
Princeton orange,#F58025,245,128,37,26,85,96
Prune,#701C1C,112,28,28,0,75,44
Prussian blue,#003153,0,49,83,205,100,33
Psychedelic purple,#DF00FF,223,0,255,292,100,100
Puce,#CC8899,204,136,153,345,33,80
Puce red,#722F37,114,47,55,353,59,45
Pullman Brown (UPS Brown),#644117,100,65,23,33,77,39
Pullman Green,#3B331C,59,51,28,45,36,59
Pumpkin,#FF7518,255,117,24,24,91,100
Purple (HTML),#800080,128,0,128,300,100,50
Purple (Munsell),#9F00C5,159,0,197,288,100,77
Purple (X11),#A020F0,160,32,240,277,87,94
Purple Heart,#69359C,105,53,156,270,66,61
Purple mountain majesty,#9678B6,150,120,182,269,34,71
Purple navy,#4E5180,78,81,128,236,39,50
Purple pizzazz,#FE4EDA,254,78,218,312,69,100
Purple Plum,#9C51B6,156,81,182,285,56,71
Purple taupe,#50404D,80,64,77,311,20,31
Purpureus,#9A4EAE,154,78,174,288,55,68
Quartz,#51484F,81,72,79,313,11,32
Queen blue,#436B95,67,107,149,211,55,58
Queen pink,#E8CCD7,232,204,215,336,12,91
Quick Silver,#A6A6A6,166,166,166,0,0,65
Quinacridone magenta,#8E3A59,142,58,89,338,59,56
Rackley,#5D8AA8,93,138,168,204,45,66
Radical Red,#FF355E,255,53,94,348,79,100
Raisin black,#242124,36,33,36,300,8,14
Rajah,#FBAB60,251,171,96,29,62,98
Raspberry,#E30B5D,227,11,93,337,95,89
Raspberry glace,#915F6D,145,95,109,343,34,57
Raspberry pink,#E25098,226,80,152,330,65,89
Raspberry rose,#B3446C,179,68,108,338,62,70
Raw Sienna,#D68A59,214,138,89,24,58,84
Raw umber,#826644,130,102,68,33,48,51
Razzle dazzle rose,#FF33CC,255,51,204,315,80,100
Razzmatazz,#E3256B,227,37,107,338,84,89
Razzmic Berry,#8D4E85,141,78,133,308,45,55
Rebecca Purple,#663399,102,51,153,270,67,60
Red,#FF0000,255,0,0,0,100,100
Red (Crayola),#EE204D,238,32,77,347,87,93
Red (Munsell),#F2003C,242,0,60,345,100,95
Red (NCS),#C40233,196,2,51,345,99,77
Red (Pantone),#ED2939,237,41,57,355,83,93
Red (pigment),#ED1C24,237,28,36,358,88,93
Red (RYB),#FE2712,254,39,18,5,93,100
Red-brown,#A52A2A,165,42,42,0,75,65
Red devil,#860111,134,1,17,353,99,53
Red-orange,#FF5349,255,83,73,3,71,100
Red-purple,#E40078,228,0,120,328,100,89
Red Salsa,#FD3A4A,253,58,74,355,77,99
Red-violet,#C71585,199,21,133,322,89,78
Redwood,#A45A52,164,90,82,6,50,64
Regalia,#522D80,82,45,128,267,65,50
Registration black,#000000,0,0,0,0,0,0
Resolution blue,#002387,0,35,135,224,100,53
Rhythm,#777696,119,118,150,242,21,59
Rich black,#004040,0,64,64,180,100,25
Rich black (FOGRA29),#010B13,1,11,19,207,95,8
Rich black (FOGRA39),#010203,1,2,3,210,67,1
Rich brilliant lavender,#F1A7FE,241,167,254,291,34,100
Rich carmine,#D70040,215,0,64,342,100,84
Rich electric blue,#0892D0,8,146,208,199,96,82
Rich lavender,#A76BCF,167,107,207,276,48,81
Rich lilac,#B666D2,182,102,210,284,51,82
Rich maroon,#B03060,176,48,96,338,73,69
Rifle green,#444C38,68,76,56,84,26,30
Roast coffee,#704241,112,66,65,1,42,44
Robin egg blue,#00CCCC,0,204,204,180,100,80
Rocket metallic,#8A7F80,138,127,128,355,8,54
Roman silver,#838996,131,137,150,221,13,59
Rose,#FF007F,255,0,127,330,100,100
Rose bonbon,#F9429E,249,66,158,330,73,98
Rose Dust,#9E5E6F,158,94,111,344,41,62
Rose ebony,#674846,103,72,70,4,32,40
Rose gold,#B76E79,183,110,121,351,40,72
Rose madder,#E32636,227,38,54,355,83,89
Rose pink,#FF66CC,255,102,204,320,60,100
Rose quartz,#AA98A9,170,152,169,303,11,67
Rose red,#C21E56,194,30,86,340,85,76
Rose taupe,#905D5D,144,93,93,0,35,56
Rose vale,#AB4E52,171,78,82,357,54,67
Rosewood,#65000B,101,0,11,353,100,40
Rosso corsa,#D40000,212,0,0,0,100,83
Rosy brown,#BC8F8F,188,143,143,0,24,74
Royal azure,#0038A8,0,56,168,220,100,66
Royal blue,#002366,0,35,102,219,100,40
Royal blue,#4169E1,65,105,225,225,71,88
Royal fuchsia,#CA2C92,202,44,146,321,78,79
Royal purple,#7851A9,120,81,169,267,52,66
Royal yellow,#FADA5E,250,218,94,48,62,98
Ruber,#CE4676,206,70,118,339,66,81
Rubine red,#D10056,209,0,86,335,100,82
Ruby,#E0115F,224,17,95,337,92,88
Ruby red,#9B111E,155,17,30,354,89,61
Ruddy,#FF0028,255,0,40,351,100,100
Ruddy brown,#BB6528,187,101,40,25,79,73
Ruddy pink,#E18E96,225,142,150,354,37,88
Rufous,#A81C07,168,28,7,8,96,66
Russet,#80461B,128,70,27,26,79,50
Russian green,#679267,103,146,103,120,29,57
Russian violet,#32174D,50,23,77,270,70,30
Rust,#B7410E,183,65,14,18,92,72
Rusty red,#DA2C43,218,44,67,352,80,85
Sacramento State green,#00563F,0,86,63,164,100,34
Saddle brown,#8B4513,139,69,19,25,86,55
Safety orange,#FF7800,255,120,0,28,100,100
Safety orange (blaze orange),#FF6700,255,103,0,24,100,100
Safety yellow,#EED202,238,210,2,53,99,93
Saffron,#F4C430,244,196,48,45,80,96
Sage,#BCB88A,188,184,138,55,27,74
Salmon,#FA8072,250,128,114,6,54,98
Salmon pink,#FF91A4,255,145,164,350,43,100
Sand,#C2B280,194,178,128,45,34,76
Sand dune,#967117,150,113,23,43,85,59
Sandstorm,#ECD540,236,213,64,52,73,93
Sandy brown,#F4A460,244,164,96,28,61,96
Sandy taupe,#967117,150,113,23,43,85,59
Sangria,#92000A,146,0,10,356,100,57
Sap green,#507D2A,80,125,42,93,66,49
Sapphire,#0F52BA,15,82,186,216,92,73
Sapphire blue,#0067A5,0,103,165,203,100,65
Sasquatch Socks,#FF4681,255,70,129,341,73,100
Satin sheen gold,#CBA135,203,161,53,43,74,80
Scarlet,#FF2400,255,36,0,8,100,100
Scarlet,#FD0E35,253,14,53,350,94,99
Schauss pink,#FF91AF,255,145,175,344,43,100
School bus yellow,#FFD800,255,216,0,51,100,100
Screamin' Green,#66FF66,102,255,102,120,60,100
Sea blue,#006994,0,105,148,197,100,58
Sea green,#2E8B57,46,139,87,146,67,55
Sea Serpent,#4BC7CF,75,199,207,184,64,81
Seal brown,#59260B,89,38,11,0,60,20
Seashell,#FFF5EE,255,245,238,25,7,100
Selective yellow,#FFBA00,255,186,0,44,100,100
Sepia,#704214,112,66,20,30,82,44
Shadow,#8A795D,138,121,93,37,33,54
Shadow blue,#778BA5,119,139,165,214,28,65
Shampoo,#FFCFF1,255,207,241,318,19,100
Shamrock green,#009E60,0,158,96,156,100,62
Sheen Green,#8FD400,143,212,0,80,100,83
Shimmering Blush,#D98695,217,134,149,349,38,85
Shiny Shamrock,#5FA778,95,167,120,141,43,66
Shocking pink,#FC0FC0,252,15,192,315,94,99
Shocking pink (Crayola),#FF6FFF,255,111,255,300,56,100
Sienna,#882D17,136,45,23,12,83,53
Silver,#C0C0C0,192,192,192,0,0,75
Silver chalice,#ACACAC,172,172,172,0,0,67
Silver Lake blue,#5D89BA,93,137,186,212,50,73
Silver pink,#C4AEAD,196,174,173,3,12,77
Silver sand,#BFC1C2,191,193,194,200,2,76
Sinopia,#CB410B,203,65,11,17,95,80
Sizzling Red,#FF3855,255,56,85,351,78,100
Sizzling Sunrise,#FFDB00,255,219,0,52,100,100
Skobeloff,#007474,0,116,116,180,100,45
Sky blue,#87CEEB,135,206,235,197,43,92
Sky magenta,#CF71AF,207,113,175,320,45,81
Slate blue,#6A5ACD,106,90,205,248,56,80
Slate gray,#708090,112,128,144,210,22,56
Smalt (Dark powder blue),#003399,0,51,153,220,100,60
Slimy Green,#299617,41,150,23,111,85,59
Smashed Pumpkin,#FF6D3A,255,109,58,16,77,100
Smitten,#C84186,200,65,134,329,68,78
Smoke,#738276,115,130,118,132,12,51
Smokey Topaz,#832A0D,131,42,13,15,90,51
Smoky black,#100C08,16,12,8,30,50,6
Smoky Topaz,#933D41,147,61,65,357,59,58
Snow,#FFFAFA,255,250,250,0,2,76
Soap,#CEC8EF,206,200,239,249,16,94
Solid pink,#893843,137,56,67,352,59,54
Sonic silver,#757575,117,117,117,0,0,46
Spartan Crimson,#9E1316,158,19,22,359,88,62
Space cadet,#1D2951,29,41,81,226,64,32
Spanish bistre,#807532,128,117,50,52,61,50
Spanish blue,#0070B8,0,112,184,203,100,72
Spanish carmine,#D10047,209,0,71,340,100,82
Spanish crimson,#E51A4C,229,26,76,345,89,90
Spanish gray,#989898,152,152,152,0,0,60
Spanish green,#009150,0,145,80,153,100,57
Spanish orange,#E86100,232,97,0,25,100,91
Spanish pink,#F7BFBE,247,191,190,1,23,97
Spanish red,#E60026,230,0,38,350,100,90
Spanish sky blue,#00FFFF,0,255,255,180,100,100
Spanish violet,#4C2882,76,40,130,264,69,51
Spanish viridian,#007F5C,0,127,92,163,100,50
Spicy mix,#8B5f4D,139,95,77,17,45,55
Spiro Disco Ball,#0FC0FC,15,192,252,195,94,99
Spring bud,#A7FC00,167,252,0,80,100,99
Spring Frost,#87FF2A,135,255,42,94,84,100
Spring green,#00FF7F,0,255,127,150,100,100
Star command blue,#007BB8,0,123,184,200,100,72
Steel blue,#4682B4,70,130,180,207,61,71
Steel pink,#CC33CC,204,51,204,300,75,80
Steel Teal,#5F8A8B,95,138,139,181,32,55
Stil de grain yellow,#FADA5E,250,218,94,48,62,98
Stizza,#990000,153,0,0,0,100,60
Stormcloud,#4F666A,79,102,106,189,25,42
Straw,#E4D96F,228,217,111,54,51,89
Strawberry,#FC5A8D,252,90,141,341,64,99
Sugar Plum,#914E75,145,78,117,325,46,57
Sunburnt Cyclops,#FF404C,255,64,76,356,75,100
Sunglow,#FFCC33,255,204,51,45,80,100
Sunny,#F2F27A,242,242,122,60,50,95
Sunray,#E3AB57,227,171,87,36,62,89
Sunset,#FAD6A5,250,214,165,35,34,98
Sunset orange,#FD5E53,253,94,83,4,67,99
Super pink,#CF6BA9,207,107,169,323,48,81
Sweet Brown,#A83731,168,55,49,3,71,66
Tan,#D2B48C,210,180,140,34,33,82
Tangelo,#F94D00,249,77,0,19,100,98
Tangerine,#F28500,242,133,0,33,100,95
Tangerine yellow,#FFCC00,255,204,0,48,100,100
Tango pink,#E4717A,228,113,122,355,50,89
Tart Orange,#FB4D46,251,77,70,2,72,98
Taupe,#483C32,72,60,50,27,31,28
Taupe gray,#8B8589,139,133,137,320,4,55
Tea green,#D0F0C0,208,240,192,100,20,94
Tea rose,#F88379,248,131,121,5,51,97
Tea rose,#F4C2C2,244,194,194,0,20,96
Teal,#008080,0,128,128,180,100,50
Teal blue,#367588,54,117,136,194,60,53
Teal deer,#99E6B3,153,230,179,140,33,90
Teal green,#00827F,0,130,127,179,100,51
Telemagenta,#CF3476,207,52,118,334,75,81
Tenné,#CD5700,205,87,0,25,100,80
Terra cotta,#E2725B,226,114,91,10,60,89
Thistle,#D8BFD8,216,191,216,300,12,85
Thulian pink,#DE6FA1,222,111,161,333,50,87
Tickle Me Pink,#FC89AC,252,137,172,342,46,99
Tiffany Blue,#0ABAB5,10,186,181,178,95,73
Tiger's eye,#E08D3C,224,141,60,30,73,88
Timberwolf,#DBD7D2,219,215,210,33,4,86
Titanium yellow,#EEE600,238,230,0,58,100,93
Tomato,#FF6347,255,99,71,9,72,100
Toolbox,#746CC0,116,108,192,246,44,75
Topaz,#FFC87C,255,200,124,35,51,100
Tractor red,#FD0E35,253,14,53,350,94,99
Trolley Grey,#808080,128,128,128,0,0,50
Tropical rain forest,#00755E,0,117,94,168,100,46
Tropical violet,#CDA4DE,205,164,222,282,26,87
True Blue,#0073CF,0,115,207,207,100,81
Tufts Blue,#417DC1,65,125,193,212,66,76
Tulip,#FF878D,255,135,141,357,47,100
Tumbleweed,#DEAA88,222,170,136,24,39,87
Turkish rose,#B57281,181,114,129,347,37,71
Turquoise,#40E0D0,64,224,208,174,71,88
Turquoise blue,#00FFEF,0,255,239,176,100,100
Turquoise green,#A0D6B4,160,214,180,142,25,84
Turtle green,#8A9A5B,138,154,91,75,41,60
Tuscan,#FAD6A5,250,214,165,35,34,98
Tuscan brown,#6F4E37,111,78,55,25,50,44
Tuscan red,#7C4848,124,72,72,0,42,49
Tuscan tan,#A67B5B,166,123,91,26,45,65
Tuscany,#C09999,192,153,153,0,20,75
Twilight lavender,#8A496B,138,73,107,329,47,54
Tyrian purple,#66023C,102,2,60,325,98,40
UA blue,#0033AA,0,51,170,222,100,67
UA red,#D9004C,217,0,76,339,100,85
Ube,#8878C3,136,120,195,253,38,76
UCLA Blue,#536895,83,104,149,221,44,58
UCLA Gold,#FFB300,255,179,0,42,100,100
UFO Green,#3CD070,60,208,112,141,71,82
Ultramarine,#3F00FF,63,0,255,244,93,56
Ultramarine blue,#4166F5,65,102,245,228,73,96
Ultra pink,#FF6FFF,255,111,255,300,56,100
Ultra red,#FC6C85,252,108,133,350,57,99
Umber,#635147,99,81,71,21,28,39
Unbleached silk,#FFDDCA,255,221,202,22,21,100
United Nations blue,#5B92E5,91,146,229,216,60,90
University of California Gold,#B78727,183,135,39,40,79,72
Unmellow yellow,#FFFF66,255,255,102,60,60,100
UP Forest green,#014421,1,68,33,149,99,27
UP Maroon,#7B1113,123,17,19,359,86,48
Upsdell red,#AE2029,174,32,41,356,82,68
Urobilin,#E1AD21,225,173,33,44,85,88
USAFA blue,#004F98,0,79,152,209,100,60
USC Cardinal,#990000,153,0,0,0,100,60
USC Gold,#FFCC00,255,204,0,48,100,100
University of Tennessee Orange,#F77F00,247,127,0,31,100,97
Utah Crimson,#D3003F,211,0,63,342,100,83
Van Dyke Brown,#664228,102,66,40,25,60,0
Vanilla,#F3E5AB,243,229,171,48,30,95
Vanilla ice,#F38FA9,243,143,169,344,41,95
Vegas gold,#C5B358,197,179,88,50,55,77
Venetian red,#C80815,200,8,21,356,96,78
Verdigris,#43B3AE,67,179,174,177,63,70
Vermilion,#E34234,227,66,52,5,77,89
Vermilion,#D9381E,217,56,30,8,86,85
Veronica,#A020F0,160,32,240,277,87,94
Very light azure,#74BBFB,116,187,251,208,54,98
Very light blue,#6666FF,102,102,255,240,60,100
Very light malachite green,#64E986,100,233,134,135,57,91
Very light tangelo,#FFB077,255,176,119,25,53,100
Very pale orange,#FFDFBF,255,223,191,30,25,100
Very pale yellow,#FFFFBF,255,255,191,60,25,100
Violet,#8F00FF,143,0,255,274,100,100
Violet (color wheel),#7F00FF,127,0,255,270,100,100
Violet (RYB),#8601AF,134,1,175,286,99,69
Violet (web),#EE82EE,238,130,238,300,45,93
Violet-blue,#324AB2,50,74,178,229,72,70
Violet-red,#F75394,247,83,148,336,66,97
Viridian,#40826D,64,130,109,161,51,51
Viridian green,#009698,0,150,152,181,100,60
Vista blue,#7C9ED9,124,158,217,218,43,85
Vivid amber,#CC9900,204,153,0,45,100,80
Vivid auburn,#922724,146,39,36,2,75,57
Vivid burgundy,#9F1D35,159,29,53,349,82,62
Vivid cerise,#DA1D81,218,29,129,328,87,85
Vivid cerulean,#00AAEE,0,170,238,197,100,93
Vivid crimson,#CC0033,204,0,51,345,100,80
Vivid gamboge,#FF9900,255,153,0,36,100,100
Vivid lime green,#A6D608,166,214,8,74,96,84
Vivid malachite,#00CC33,0,204,51,135,100,80
Vivid mulberry,#B80CE3,184,12,227,288,95,89
Vivid orange,#FF5F00,255,95,0,22,100,100
Vivid orange peel,#FFA000,255,160,0,18,100,100
Vivid orchid,#CC00FF,204,0,255,288,100,100
Vivid raspberry,#FF006C,255,0,108,335,100,100
Vivid red,#F70D1A,247,13,26,357,95,97
Vivid red-tangelo,#DF6124,223,97,36,20,84,87
Vivid sky blue,#00CCFF,0,204,255,192,100,100
Vivid tangelo,#F07427,240,116,39,23,84,94
Vivid tangerine,#FFA089,255,160,137,12,46,100
Vivid vermilion,#E56024,229,96,36,19,84,90
Vivid violet,#9F00FF,159,0,255,277,100,100
Vivid yellow,#FFE302,255,227,2,53,99,100
Volt,#CEFF00,206,255,0,72,100,100
Warm black,#004242,0,66,66,180,100,25
Waterspout,#A4F4F9,164,244,249,184,34,98
Weldon Blue,#7C98AB,124,152,171,204,28,67
Wenge,#645452,100,84,82,7,18,39
Wheat,#F5DEB3,245,222,179,39,27,96
White,#FFFFFF,255,255,255,0,0,100
White smoke,#F5F5F5,245,245,245,0,0,96
Wild blue yonder,#A2ADD0,162,173,208,226,22,82
Wild orchid,#D470A2,212,112,162,330,47,83
Wild Strawberry,#FF43A4,255,67,164,329,74,100
Wild watermelon,#FC6C85,252,108,133,350,57,99
Willpower orange,#FD5800,253,88,0,21,100,99
Windsor tan,#A75502,167,85,2,30,99,65
Wine,#722F37,114,47,55,353,59,45
Wine dregs,#673147,103,49,71,336,52,40
Winter Sky,#FF007C,255,0,124,331,100,100
Winter Wizard,#A0E6FF,160,230,255,196,37,100
Wintergreen Dream,#56887D,86,136,125,167,37,53
Wisteria,#C9A0DC,201,160,220,281,27,86
Wood brown,#C19A6B,193,154,107,33,45,76
Xanadu,#738678,115,134,120,136,14,53
Yale Blue,#0F4D92,15,77,146,212,90,57
Yankees blue,#1C2841,28,40,65,221,57,25
Yellow,#FFFF00,255,255,0,60,100,100
Yellow (Crayola),#FCE883,252,232,131,50,48,99
Yellow (Munsell),#EFCC00,239,204,0,51,100,94
Yellow (NCS),#FFD300,255,211,0,50,100,100
Yellow (Pantone),#FEDF00,254,223,0,53,100,100
Yellow (process),#FFEF00,255,239,0,56,100,100
Yellow (RYB),#FEFE33,254,254,51,60,80,100
Yellow-green,#9ACD32,154,205,50,80,76,80
Yellow Orange,#FFAE42,255,174,66,34,74,100
Yellow rose,#FFF000,255,240,0,56,100,100
Yellow Sunshine,#FFF700,255,247,0,58,100,100
Zaffre,#0014A8,0,20,168,233,100,66
Zinnwaldite brown,#2C1608,44,22,8,23,82,17
Zomp,#39A78E,57,167,142,166,66,65
